utr,0,1,2,3,4,5,6,7,8,9,10,11,12,13,total_reads,total,r0,r1,r2,r3,r4,r5,r6,r7,r8,r9,r10,r11,r12,r13,rl,codon_H,codon_K,codon_I,uAUG,CGratio,codon_M,codon_E,codon_F,codon_D,codon_G,codon_T,codon_A,codon_C,codon_Q,codon_S,codon_L,codon_Y,codon_*,codon_P,codon_R,codon_V,codon_W,codon_N,uORF,CGperc,utrlen_m80,ATratio,species
CCGGCTATAGCGCGCAGTGCTCGGATGGCAAGGCGTTCAACCGTGACCAC,9.13e-06,9.04e-06,1.15e-05,1.4e-05,1.11e-05,7.73e-06,4.96e-06,3.22e-06,3.23e-06,3.45e-06,5.44e-06,5.44e-06,5.73e-06,3.91e-06,2497,9.79e-05,0.093306206,0.092413597,0.117203216,0.142976064,0.113692712,0.078943715,0.050674549,0.032873728,0.032977656,0.035287592,0.055577624,0.055577624,0.058573433,0.039922283,5.049107189,0.0,0.0,0.0625,1,0.0,0.0625,0.0,0.0,0.0,0.0,0.125,0.25,0.0,0.0,0.125,0.0,0.0,0.0,0.0625,0.25,0.0625,0.0,0.0,0,0.68,30,0.222222222,human
AATGGGTACCGTATGTCAAAGGAACCATAGGCGCGGTCGTAGTGGACTCA,1.68e-05,1.47e-05,1.63e-05,9.54e-06,6.77e-06,4.36e-06,3.45e-06,3.48e-06,2.24e-06,2.44e-06,3.96e-06,3.96e-06,3.32e-06,3.52e-06,2497,9.48e-05,0.17683307,0.155076928,0.17151318,0.100702051,0.071464568,0.046040995,0.036403236,0.036747218,0.023606135,0.025794702,0.041821159,0.041821159,0.035072018,0.037103581,3.944024464,0.0,0.0625,0.0,1,0.352941176,0.0625,0.0625,0.0,0.0,0.0625,0.0625,0.0625,0.0,0.0,0.125,0.0,0.0625,0.125,0.0625,0.125,0.0,0.0625,0.0625,2,0.56,30,0.363636364,human
CCGCGGCATGATCAAACGGTCTAGATCATAATGCGAGGTCAGTACCACTA,1.11e-05,1.35e-05,1.42e-05,1.2e-05,8.13e-06,6.48e-06,4.17e-06,3.25e-06,2.79e-06,3.3e-06,4.38e-06,4.38e-06,3.9e-06,6.15e-06,2497,9.77e-05,0.113484199,0.13792416,0.14564442,0.122617175,0.083161092,0.06635618,0.042655487,0.033259017,0.028520479,0.033748701,0.044869343,0.044869343,0.039924993,0.06296541,4.665749236,0.125,0.0,0.125,1,0.076923077,0.0625,0.0,0.0,0.0625,0.0625,0.0625,0.0,0.0,0.125,0.0,0.0,0.0625,0.0625,0.0625,0.125,0.0625,0.0,0.0,1,0.54,30,0.454545455,human
GTGTAAGGCTCTGGTGGGCACACGTCGGTTTGCAGTAATGACAGACACGT,1.45e-05,1.84e-05,1.51e-05,9.22e-06,9.72e-06,6e-06,2.52e-06,2.65e-06,3.15e-06,3.65e-06,2.7e-06,2.7e-06,2.17e-06,3.91e-06,2497,9.64e-05,0.150242266,0.19123182,0.156580508,0.095643093,0.100860846,0.062283538,0.026093396,0.027522569,0.032715783,0.037833946,0.027990586,0.027990586,0.022484746,0.040526316,3.787839874,0.125,0.0,0.0,0,0.388888889,0.0,0.0,0.0,0.0625,0.1875,0.0625,0.0,0.0625,0.0,0.1875,0.0,0.0,0.0625,0.0,0.0625,0.125,0.0,0.0625,1,0.58,30,0.076923077,human
CCGGAAAATCGCGCAAGTCTCCCTTACGAATAAAGCTCAAAGGGAACGTC,1.4e-06,2.09e-06,1.75e-06,4.63e-06,5.27e-06,6.97e-06,8.12e-06,1.08e-05,1.1e-05,9.66e-06,1.13e-05,1.13e-05,1.02e-05,9.08e-06,2497,0.000103431,0.013529826,0.020177901,0.016949873,0.044745632,0.050979256,0.067339782,0.07852021,0.104213213,0.106370346,0.093410043,0.108838796,0.108838796,0.098264891,0.087821435,8.059968607,0.0,0.0625,0.0,0,0.25,0.0,0.125,0.0,0.0,0.0625,0.0625,0.0625,0.0,0.0,0.1875,0.0625,0.0625,0.0625,0.125,0.0625,0.0,0.0,0.0625,1,0.54,30,1.0,human
CCCAAGCTTGTGGTGCCAGCGAGCAGGCGCAAATGCGGCACAGACCAAGA,3.67e-06,5.13e-06,3.51e-06,4.7e-06,7.5e-06,9.53e-06,1.07e-05,8.23e-06,7.37e-06,5.63e-06,9.82e-06,9.82e-06,8.38e-06,9.77e-06,2497,0.000103763,0.03540229,0.049445478,0.033791406,0.045294144,0.072261757,0.09181407,0.103204611,0.079268554,0.071040367,0.054221566,0.094675633,0.094675633,0.080774633,0.094129859,7.289718554,0.0,0.125,0.0,0,0.058823529,0.0,0.0,0.0,0.0625,0.0625,0.0625,0.0625,0.0625,0.0625,0.0625,0.0625,0.0,0.0,0.125,0.125,0.125,0.0,0.0,0,0.66,30,1.5,human
GCCGTACTCACAGCAAGATAGCGCGCGTCAATATTGGTCAATGATGCGGC,1.06e-05,1.22e-05,1.62e-05,1.4e-05,9.67e-06,6.24e-06,3.23e-06,2.82e-06,3.23e-06,2.56e-06,3.58e-06,3.58e-06,4e-06,4.1e-06,2497,9.6e-05,0.110100611,0.127318532,0.16875688,0.145432374,0.100820198,0.065072518,0.033702807,0.029377099,0.03363044,0.026686322,0.037345816,0.037345816,0.041662427,0.04274816,4.335199597,0.0,0.0,0.0625,0,0.066666667,0.0,0.0,0.0,0.0625,0.0,0.0625,0.25,0.0,0.0,0.0625,0.125,0.0,0.0625,0.0,0.125,0.125,0.0,0.0625,1,0.58,30,0.272727273,human
ACAGCGGCCCCGATCAGCGCTTACGCGACGCGAATCGCTATCCGGTCGAG,3.15e-06,3.43e-06,4.37e-06,5.38e-06,6.1e-06,8.25e-06,1.24e-05,9.05e-06,1.01e-05,8.5e-06,7.25e-06,7.25e-06,8.57e-06,6.35e-06,2497,0.000100136,0.031444028,0.03430246,0.043620957,0.053742222,0.060869673,0.082348009,0.123809946,0.090420208,0.100715297,0.084859754,0.072420971,0.072420971,0.085624757,0.063400746,7.093038631,0.0,0.0,0.1875,0,0.1875,0.0,0.0,0.0,0.0,0.0,0.125,0.3125,0.0,0.0,0.125,0.0,0.0625,0.0,0.0625,0.125,0.0,0.0,0.0,0,0.7,30,0.375,human
CATACAGAAAAAGTAGACTTAAGGTGCAGCTAATCTTGCCATTGGATAAA,2.52e-06,2.22e-06,2.17e-06,2.55e-06,3.43e-06,5.24e-06,7.94e-06,9.25e-06,1.12e-05,1.52e-05,1.08e-05,1.08e-05,1.02e-05,1.05e-05,2497,0.00010396,0.024229815,0.021329973,0.020865205,0.024502176,0.033037769,0.05044047,0.076392489,0.089007992,0.107945891,0.146307189,0.103824012,0.103824012,0.097765078,0.100527928,8.25610227,0.125,0.0625,0.0625,0,0.181818182,0.0,0.0625,0.0,0.0625,0.0,0.0625,0.0,0.125,0.0,0.125,0.0625,0.0,0.0625,0.0,0.0625,0.0625,0.0625,0.0,1,0.4,30,0.615384615,human
AGCGGACTATGCGAGCGATCGGAGTTGTTCGTGGTGCGATAATATCAGTA,4.62e-06,5e-06,2.91e-06,3.84e-06,5.66e-06,7.81e-06,9.31e-06,9.65e-06,9.61e-06,1.07e-05,7.67e-06,7.67e-06,9.83e-06,7.52e-06,2496,0.000101766,0.045378961,0.04913387,0.02861468,0.03772186,0.055616191,0.076701782,0.091457886,0.094837654,0.094416738,0.104851658,0.075403628,0.075403628,0.096559381,0.073902085,7.274683458,0.0,0.0,0.0,0,0.5,0.0,0.125,0.0625,0.0,0.0625,0.0,0.0,0.0625,0.0625,0.125,0.125,0.0625,0.0625,0.0,0.125,0.125,0.0,0.0,1,0.54,30,0.071428571,human
AATTCAACAATGGCAGGAGTCTGTGCAAGGGAGGCAGGCTACACTCTGTG,1.47e-05,1.5e-05,1.44e-05,1.02e-05,9.19e-06,5.64e-06,3.45e-06,2.82e-06,2.97e-06,3.1e-06,3.37e-06,3.37e-06,3.28e-06,5.86e-06,2496,9.74e-05,0.1508737,0.154023101,0.147974946,0.104987554,0.094374055,0.057952689,0.03542226,0.028946121,0.03050116,0.031872508,0.034633348,0.034633348,0.033632322,0.060172888,4.238604946,0.0,0.0,0.0,1,0.352941176,0.0625,0.0625,0.0,0.0,0.125,0.125,0.1875,0.0625,0.0,0.0625,0.0625,0.0625,0.0,0.0,0.0625,0.0625,0.0,0.0625,0,0.56,30,0.363636364,human
AGGCCTTTCTCCACTACTAAAGATCGAGTTAGGGAATTAACAAGAAAAGA,2.9e-06,2.43e-06,2.47e-06,3.44e-06,4.6e-06,4.56e-06,6.22e-06,1.04e-05,1.33e-05,1.31e-05,1.09e-05,1.09e-05,7.9e-06,9.96e-06,2496,0.000103042,0.028180476,0.02362984,0.02393484,0.033424904,0.044599358,0.044285884,0.060333306,0.101388334,0.128838569,0.126900149,0.105567486,0.105567486,0.076665112,0.096684256,8.019292843,0.0,0.125,0.0,0,0.090909091,0.0,0.0625,0.0625,0.0625,0.0,0.1875,0.0,0.0,0.0,0.0625,0.0625,0.0,0.0,0.0625,0.25,0.0625,0.0,0.0,0,0.42,30,0.75,human
CCGCACCTTCGTCAGCCATACTTTAGCATCCCGGAAACGGCAGTCCAATC,2.31e-06,3.26e-06,2.67e-06,3.62e-06,4.4e-06,5.32e-06,7.55e-06,9.45e-06,1.1e-05,1.08e-05,1.22e-05,1.22e-05,1.01e-05,7.81e-06,2496,0.000102632,0.022498024,0.031773439,0.026057044,0.035306163,0.042892029,0.051873112,0.073529314,0.092098487,0.107198517,0.105101092,0.118724,0.118724,0.098091283,0.076133496,8.003232888,0.0625,0.0,0.0625,0,1.0,0.0,0.0625,0.0625,0.0,0.0,0.0625,0.0625,0.0,0.125,0.0625,0.0625,0.0625,0.0,0.1875,0.0625,0.0625,0.0,0.0,0,0.6,30,0.181818182,human
GATCTCCGGGTAACCTGAGATGTCATGAACACGGCACGAAGCGTGGGAAA,1.23e-05,1.19e-05,1.4e-05,1.44e-05,6.87e-06,5.68e-06,2.8e-06,3.42e-06,2.64e-06,3.69e-06,4.34e-06,4.34e-06,4.67e-06,6.06e-06,2496,9.72e-05,0.126757312,0.122626247,0.144362554,0.148082397,0.070705544,0.058507148,0.028851324,0.035162098,0.027178779,0.037941628,0.044700031,0.044700031,0.048093434,0.062331474,4.679323468,0.0,0.0,0.0,1,0.294117647,0.0625,0.0,0.0,0.125,0.0625,0.125,0.0625,0.0,0.0,0.0625,0.0625,0.0,0.0625,0.0,0.125,0.1875,0.0,0.0625,1,0.58,30,0.777777778,human
CATGGACCCATACGAGACGTAGGTTTAACCTTCAAAGTCCGGACAGGCTG,1.42e-05,1.36e-05,1.29e-05,1.07e-05,7.59e-06,7.37e-06,4.38e-06,3.22e-06,3.45e-06,3.07e-06,3.58e-06,3.58e-06,4.29e-06,5.27e-06,2496,9.72e-05,0.145809806,0.140048533,0.132404213,0.110390475,0.078156684,0.075794861,0.04511618,0.0331063,0.035475347,0.031544293,0.036879997,0.036879997,0.044116943,0.054276373,4.448161898,0.0625,0.0625,0.0625,0,0.0,0.0,0.0,0.0625,0.0625,0.1875,0.125,0.0,0.0,0.0,0.0,0.0625,0.0,0.0,0.0625,0.125,0.125,0.0,0.0,0,0.56,30,0.363636364,human
CCGGACTATCCACAAGGGGTAGAGAGGTAAGAGCAGAACTTACGCTATTC,1.91e-05,2.02e-05,1.33e-05,7.61e-06,5.32e-06,5.12e-06,3.13e-06,2.79e-06,2.9e-06,1.86e-06,3.92e-06,3.92e-06,3.23e-06,3.61e-06,2496,9.6e-05,0.198607206,0.210597867,0.1386624,0.079225149,0.055427584,0.053370184,0.032565559,0.02901917,0.030178154,0.0194,0.040843381,0.040843381,0.033616848,0.037643117,3.733374071,0.0,0.0,0.0,0,0.2,0.0,0.125,0.0,0.0625,0.0625,0.0,0.0,0.0,0.125,0.0,0.0625,0.125,0.0625,0.125,0.125,0.0625,0.0,0.0625,1,0.54,30,0.7,human
